<Playlist>
 	<Song>
 		<Name>Flash Gordon</Name>
 		<File>queen.mp3</File>
 		<Artist>Queen</Artist>
 	</Song>
 	<Song>
 		<Name>Flashdance</Name>
 		<File>flashdance.mp3</File>
 		<Artist>Moroder</Artist>
	</Song>
	<Song>
		<Name>Flash Forward</Name>
		<File>flash_sege.mp3</File>
		<Artist>Serge Gainsbourg</Artist>
	</Song>
	<Song>
		<Name>Flash to the Beat</Name>
		<File>beat.mp3</File>
		<Artist>The Sugarhill Gang</Artist>
	</Song>
	<Song>
		<Name>Flash Light</Name>
		<File>flash_light.mp3</File>
		<Artist>George Clinton</Artist>
	</Song>
	<Song>
		<Name>Flash, Bang, Wallop</Name>
		<File>flashbang.mp3</File>
		<Artist>Half a Sixpence</Artist>
	</Song>
	<Song>
		<Name>Flash in Japan</Name>
		<File>japan.mp3</File>
		<Artist>Eikichi Yazawa</Artist>
	</Song>
	<Song>
		<Name>Flashback</Name>
		<File>flashback_chic.mp3</File>
		<Artist>Chic</Artist>
	</Song>
	<Song>
		<Name>Flash</Name>
		<File>flash-cosmic.mp3</File>
		<Artist>Cosmic Messenger</Artist>
	</Song>
	<Song>
		<Name>Killing of a flash boy</Name>
		<File>suede_flashboy.mp3</File>
		<Artist>Suede</Artist>
	</Song>
</Playlist>
